Title,Acronym,DblpSeries,has CORE2008 Rank,Field,field_of_research_1,field_of_research_2,field_of_research_3
National Conference of the American Association for Artificial Intelligence,AAAI,aaai,A*,", , ",,,
"International Symposium on Applied Algebra, Algebraic Algorithms and Error-Correcting Codes",AAAAECC,N/A,B,", , ",,,
Conference on Algorithmic Aspects in Information and Management,AAIM,aaim,B,", , ",,,
"International Joint Conference on Autonomous Agents and Multiagent Systems (previously the International Conference on Multiagent Systems, ICMAS, changed in 2000)",AAMAS,ifaamas,A*,", , ",,,
Australasian Computer Architecture Conference,ACAC,N/A,L,", , ",,,
Australian Conference on Artificial Life and Computational Intelligence,ACALCI,acalci,B,", , ",,,
Australasian Conference on Combinatorial Mathematics and Combinatorial Computing,ACCMCC,N/A,L,", , ",,,
Asian Conference on Computer Vision,ACCV,accv,B,", , ",,,
Australasian Computing Education Conference (ACE),ACE,ace,B,", , ",,,
Australasian Computers in Education Conference,ACEC,N/A,L,", , ",,,
Algorithms and Complexity in Durham,ACID,N/A,L,", , ",,,
Australasian Conference on Information Systems,ACIS,N/A,B,", , ",,,
Australasian Conference on Information Security and Privacy,ACISP,acisp,B,", , ",,,
Advanced Concepts for Intelligent Vision Systems,ACIVS,acivs,B,", , ",,,
Australian Conference for Knowledge Management and Intelligent Decision Support,ACKMIDS,N/A,L,", , ",,,
Association for Computational Linguistics,ACL,acl,A*,", , ",,,
Australasian Computer Music Conference,ACMA,N/A,L,", , ",,,
ACM Multimedia,ACMMM,mm,A*,", , ",,,
Australian Conference on Neural Networks,ACNN,N/A,L,", , ",,,
Australian Conference on Software Metrics,ACOSM,N/A,B,", , ",,,
Australasian Conference on Robotics and Automation,ACRA,N/A,B,", , ",,,
Australian Supercomputing Conference,ACS,N/A,B,", , ",,,
Australasian Computer Systems Architecture Conference (now Asia-Pacific Computer Systems Architecture Conference),ACSAC,N/A,B,", , ",,,
Australasian Computer Science Conference,ACSC,N/A,B,", , ",,,
Application of Concurrency to System Design,ACSD,acsd,B,", , ",,,
"Asilomar Conference on Signals, Systems and Computing",ACSSC,acssc,L,", , ",,,
Symposium on Advances in DB and Information Systems,ADBIS,adbis,B,", , ",,,
Australasian Database Conference,ADC,adc,B,", , ",,,
International Conference on Advanced Computing and Communications,AdCom,N/A,C,", , ",,,
Australasian Document Computing Symposium,ADCS,adcs,B,", , ",,,
International Conference on AD-HOC Networks and Wireless,ADHOC-NOW,adhoc-now,B,", , ",,,
International Symposium on Advanced DB Technologies and Integration,ADTI,N/A,B,", , ",,,
"IASTED International Conferenceon AI, Exp Sys & Neural Networks",AEN,N/A,C,", , ",,,
Asia-Pacific Forum on Engineering and Technology Education,AFETE,N/A,L,", , ",,,
IASTED International Conference on Applied Informatics,AI,N/A,C,", , ",,,
Congress of the Italian Assoc for AI,AI*IA,N/A,B,", , ",,,
Artificial Intelligence and Applications Conference,AIA,N/A,C,", , ",,,
Australian Institute of Computer Ethics Conference,AICE,N/A,L,", , ",,,
Australian Institute of Computer Ethics Conference,AICEC,N/A,Australasian,", , ",,,
International Conference on AI in Design,AID,N/A,A,", , ",,,
International Conference on Artificial Intelligence in Education,AIED,aied,A,", , ",,,
Artificial Intelligence in Medicine,AIIM,N/A,A,", , ",,,
International Conference on Artificial Intelligence in Medicine,AIME,aime,A,", , ",,,
Advances in Modal Logic,AiML,aiml,A,", , ",,,
International Conference on Advanced Information Networking and Applications (was ICOIN),AINA,aina,B,", , ",,,
Advances in Intelligent Systems,AIS,N/A,C,", , ",,,
International Conference on Artificial Intelligence in Science and Technology,AISAT,N/A,C,", , ",,,
Australasia Conference on Information Security and Privacy,AISP,N/A,B,", , ",,,
Asia Pacific Symposium on Intelligent and Evolutionary Systems (was Australia-Japan Joint Workshop on Intelligent and Evolutionary Systems),IES,N/A,L,", , ",,,
Australian Knowledge Acquisition Workshop,AKAW,N/A,L,", , ",,,
Workshop on Algorithm Engineering and Experiments,ALENEX,alenex,A,", , ",,,
Algorithms and Experiments,ALEX,N/A,B,", , ",,,
International Conference on the Simulation and Synthesis of Living Systems,ALIFE,N/A,A,", , ",,,
International Conference on Algebraic and Logic Programming,ALP,N/A,B,", , ",,,
Australasian Language Technology Workshop,ALTA,acl-alta,B,", , ",,,
Algebraic Methodology and Software Technology,AMAST,N/A,C,", , ",,,
Americas Conference on Information Systems,AMCIS,amcis,B,", , ",,,
American Medical Informatics Annual Fall Symposium,AMIA,amia,A,", , ",,,
Asian International Mobile Computing Conference,AMOC,N/A,B,", , ",,,
Workshop on Analytic Algorithmics and Combinatorics,ANALCO,analco,B,", , ",,,
Conference on Artificial Neural Networks and Expert systems,ANNES,N/A,C,", , ",,,
Artificial Neural Networks in Engineering Conference,ANNIE,N/A,B,", , ",,,
International Workshop on Ant Colony,ANTS,N/A,B,", , ",,,
Australian and New Zealand Intelligent Information Systems Conference,ANZIIS,N/A,B,", , ",,,
The Modelling and Simulation Society of Australia and New Zealand Meeting,ANZMODS,N/A,L,", , ",,,
"International Conference on Probabilistic, Combinatorial, and Asymptotic Methods in the Analysis of Algorithms (was Conference on Analysis of Algorithms)",AofA,aofa,B,", , ",,,
Internet Research,AOIR,N/A,B,", , ",,,
Agent-Oriented Information Systems Workshop,AOIS,N/A,B,", , ",,,
Aspect-Oriented Software Development,AOSD,N/A,A,", , ",,,
Agent-Oriented Software Engineering Workshop (merged into EMAS in 2013),AOSE,N/A,B,", , ",,,
Asia Pacific Association for Medical Informatics Conference,APAMI,N/A,B,", , ",,,
Asia-Pacific Bioinformatics Conference,APBC,apbc,B,", , ",,,
Asia Pacific Conference on Communications,APCC,apcc,B,", , ",,,
Asia Pacific Conference on Hardware Description Languages (was Asia Pacific CHipDesign Languages),APCHDL,N/A,L,", , ",,,
Asia-Pacific Computer Human Interaction Conference,APCHI,N/A,B,", , ",,,
Application of Computers and Operations Research in the Minerals Industries,APCOMin,N/A,C,", , ",,,
Asia Pacific Decision Science Institute Conference,APDSI,N/A,L,", , ",,,
ASIAN Symposium on Programming Languages and Systems,APLAS,aplas,B,", , ",,,
Asia-Pacific Network Operations and Management Symposium,APNOMS,apnoms,B,", , ",,,
Conference of the Association of Asian-Pacific Operational Research Societies,APORS,N/A,C,", , ",,,
Joint Conference on Declarative Programming APPIA-GULP-PRODE,APPIA/GULP/PRODE,N/A,C,", , ",,,
International Workshop on Approximation Algorithms for Combinatorial Optimization Problems and International Conference on Randomization and Computation,APPROX/RANDOM,approx,A,", , ",,,
Australasian Conference on Parallel and Real-Time Systems,APRTS,N/A,L,", , ",,,
Asia-Pacific Software Engineering Conference,APSEC,apsec,B,", , ",,,
Web and Big Data,APWEB,apweb,B,", , ",,,
Symposium on Assessment of Quality S/W Dev Tools,AQSDT,N/A,C,", , ",,,
National Conference of the Australian Robot Association,ARA,N/A,B,", , ",,,
"International Conference on Availability, Reliability and Security",ARES,IEEEares,B,", , ",,,
Australasian Remote Sensing Conference,ARSC,N/A,L,", , ",,,
Active and Real-Time Database Systems,ARTDB,N/A,C,", , ",,,
Advanced Research in VLSI,ARVLSI,N/A,C,", , ",,,
Chicago ASA Data Mining Conference- A Hard Look at DM,ASADM,N/A,B,", , ",,,
"International Conference on Application-specific Systems, Architectures and Processors",ASAP,asap,A,", , ",,,
IASTED International Conference on Artificial Intelligence and Soft Computing,ASC,N/A,C,", , ",,,
Annual Conference of the Australasian Society for Computers in Learning in Tertiary Education,ASCILITE,N/A,L,", , ",,,
Asia and South Pacific Design Automation Conference,ASPDAC,aspdac,L,", , ",,,
Automated Software Engineering Conference,ASE,kbse,A,", , ",,,
International Conference on the Theory and Application of Cryptology and Information Security,ASIACRYPT,asiacrypt,A,", , ",,,
Asian Computing Science Conference,ASIAN,N/A,B,", , ",,,
Annual conference of American Society for Information Science and Technology,ASIS&T,N/A,A,", , ",,,
Australian Symposium on Information Visualisation,ASIV,N/A,L,", , ",,,
IASTED International Conference on Applied Simulation and Modelling,ASM,N/A,C,", , ",,,
National Conference of The Australian Society for Operations Research,ASOR,N/A,L,", , ",,,
Architectural Support for Programming Languages and Operating Systems,ASPLOS,asplos,A*,", , ",,,
Australian Software Engineering Conference,ASWEC,aswec,B,", , ",,,
International Telecommunication Networks and Applications Conference (was Australian Telecommunication Networks and Applications Conference),ITNAC,itnac,L,", , ",,,
International Symposium on Automated Technology for Verification and Analysis,ATVA,atva,A,", , ",,,
Apple University Consortium Academic and Developers Conference,AUCADC,N/A,L,", , ",,,
Australasian Cognitive Science Society Conference,AuCSS,N/A,L,", , ",,,
Australasian User Interface Conference,AUIC,N/A,B,", , ",,,
Australasian Urban and Regional Information Systems Association Conference,AURISA,N/A,L,", , ",,,
Australasian Refinement Workshop,AuRW,N/A,L,", , ",,,
Australian Joint Conference on Artificial Intelligence,AusAI,ausai,B,", , ",,,
Australian Data Mining Conference,AusDM,ausdm,B,", , ",,,
Australian World Wide Web Conference,AusWeb,N/A,L,", , ",,,
Australian Women in IT Conference,AusWIT,N/A,B,", , ",,,
Australian UNIX Users Group National Conference,AUUG,N/A,L,", , ",,,
IEEE International Conference on Advanced Video and Signal Based Surveillance,AVSS,avss,A,", , ",,,
Australasian Workshop on Combinatorial Algorithms,AWOCA,N/A,L,", , ",,,
Australian Workshop on Requirements Engineering,AWRE,N/A,B,", , ",,,
Australian Workshop on Software Architecture,AWSA,N/A,L,", , ",,,
Argentine Workshop on Theoretical Informatics,AWTI,N/A,B,", , ",,,
IEEE/IFIP International Conference on Information Technology for Balanced Automation Systems,BASYS,N/A,B,", , ",,,
IFIP International Conference on Broadband Communications,BC,N/A,C,", , ",,,
British Computer Society Formal Aspects of Computing Science Specialist Group Workshop,BCS-FMW,N/A,L,", , ",,,
Bled Electronic Commerce Conference,BECC,N/A,C,", , ",,,
IEEE Bioinformatics and Bioengineering,BIBE,bibe,C,", , ",,,
British Machine Vision Conference,BMVC,bmvc,A,", , ",,,
British National Conference on Databases,BNCOD,N/A,B,", , ",,,
International Conference in Business Process Management,BPM,bpm,A,", , ",,,
"International Conference on Broadband Communications, Networks and Systems",Broadnets,broadnets,B,", , ",,,
Association for Computer-Aided Architectural Design Research in Asia (CAADRIA) annual conference,CAADRIA,N/A,C,", , ",,,
Canadian Artificial Intelligence Conference,CAAI,N/A,B,", , ",,,
Workshop on Combinatorial and Algorithmic Aspects of Networking,CAAN,N/A,B,", , ",,,
IEEE/IFAC Joint Symposium on Intelligent Control,CACSD,N/A,B,", , ",,,
International Conference on Automated Deduction,CADE,cade,A,", , ",,,
Conference on Artificial Intelligence for Applications,CAIA,N/A,B,", , ",,,
ISCA International Conference on Computer Applications in Industry and Engineering,CAINE,N/A,C,", , ",,,
International Conference on Computer Analysis of Images and Patterns,CAIP,caip,A,", , ",,,
International Conference on Advanced Information Systems Engineering,CaiSE,caise,A,", , ",,,
Canadian Discrete and Algorithmic Mathematics Conference,CanaDAM,N/A,L,", , ",,,
"International Conference on Compilers, Architecture, and Synthesis for Embedded Systems",CASES,cases,A,", , ",,,
International Conference on Computers and their Applications,CATA,cata,C,", , ",,,
IASTED International Conference on Computers and Advanced Technology in Education,CATE,N/A,C,", , ",,,
Computing: The Australasian Theory Symposium,CATS,N/A,B,", , ",,,
Computer Aided Verification,CAV,cav,A*,", , ",,,
International Symposium Component-Based Software Engineering,CBSE,N/A,A,", , ",,,
International Conference on Compiler Construction,CC,cc,A,", , ",,,
IEEE International Conference on Control Applications,CCA,N/A,B,", , ",,,
Canadian Conference on Computational Geometry,CCCG,N/A,B,", , ",,,
"IEEE International Symposium on Cluster, Cloud and Grid Computing",CCGRID,ccgrid,A,", , ",,,
International Command and Control Research and Technology Symposium,CCRTS,N/A,C,", , ",,,
ACM Conference on Computer and Communications Security,CCS,ccs,A*,", , ",,,
"Intelligent Multimedia, Computing and Communications Technologies and Applications of the Future",CCTAF,N/A,C,", , ",,,
IEEE Computer Communications Workshop,CCW,N/A,B,", , ",,,
IFIP/ACM Working Conference on Component Deployment,CD,N/A,B,", , ",,,
Constraint Databases and Applications,CDB,N/A,C,", , ",,,
IEEE Conference on Decision and Control,CDC,cdc,A,", , ",,,
International Conference on Email and Anti-Spam,CEAS,N/A,B,", , ",,,
"IEEE Conference on Electronic Commerce Technology and Enterprise Computing, e_Commerce and e-Services",CBI (was CEC/EEE),N/A,B,", , ",,,
Computing in Education Group of Victoria Conference,CEG,N/A,L,", , ",,,
Workshop on Computational Geometry and Applications,CGA,N/A,B,", , ",,,
Computer Graphics International,CGI,cgi,A,", , ",,,
International Symposium on Code Generation and Optimization,CGO,cgo,A,", , ",,,
Workshop on Cryptographic Hardware and Embedded Systems,CHES,ches,B,", , ",,,
International Conference on Human Factors in Computing Systems,CHI,chi,A*,", , ",,,
International Conference on Implementation and Application of Automata,CIAA,wia,B,", , ",,,
International Conference on Algorithms and Complexity (was Italian Conference ),CIAC,ciac,B,", , ",,,
International Conference on Intelligent Text Processing and Computational Linguistics,CICLING,cicling,B,", , ",,,
Conference on Innovative Data Systems Research,CIDR,cidr,A,", , ",,,
Conference of the Commission Internationale pour l'Etude et l'Amelioration de l'Enseignement des Mathematiques,CIEAEM,N/A,C,", , ",,,
ACM International Conference on Information and Knowledge Management,CIKM,cikm,A,", , ",,,
"International Conference on Computational Intelligence for Modelling, Control and Automation",CIMCA,N/A,C,", , ",,,
International Symposium on Circuits and Systems,CIRSYS,N/A,C,", , ",,,
"International Conference Imaging Science, Systems and Technology",CISST,N/A,C,", , ",,,
"Conference on Information Science, Technology and Management",CISTM,N/A,B,", , ",,,
Complexity and information-theoretic approaches to biology,CITB,N/A,B,", , ",,,
IEEE International Conference on Cluster Computing,CLUSTER,cluster,A,", , ",,,
Conference on Combinatorial Optimization and Applications,COCOA,cocoa,B,", , ",,,
International Conference on Computing and Combinatorics,COCOON,cocoon,A,", , ",,,
International Symposium on Cooperative Database Systems for Advanced Applications,CODAS,N/A,C,", , ",,,
Annual Meeting of the Cognitive Science Society,CogSci,cogsci,A,", , ",,,
International Conference on Computational Linguistics,COLING,coling,A,", , ",,,
Collaborative Electronic Commerce Technology and Research,CollECTeR,N/A,C,", , ",,,
Conference on Learning Theory,COLT,colt,A*,", , ",,,
International Conference on Management of Data,COMAD,comad,B,", , ",,,
Symposium on Logical Formalizations of Commonsense Reasoning,COMMONSENSE,N/A,B,", , ",,,
International Symposium on Computer Design,COMPDES,N/A,C,", , ",,,
International Symposium on Computational Life Science,CompLife,N/A,B,", , ",,,
International Computer Software and Applications Conference,COMPSAC,compsac,B,", , ",,,
Australasian Compumod Users' Conference,COMPUMOD,N/A,L,", , ",,,
International Conference on Communication System Software and Middleware,COMSWARE,N/A,C,", , ",,,
International Conference on Concurrency Theory,CONCUR,concur,A,", , ",,,
Conference on Computational Natural Language Learning,CoNLL,conll,A,", , ",,,
International Conference on Cooperative Information Systems,CoopIS,N/A,A,", , ",,,
International Conference on Coordination Models and Languages,Coordination,coordination,A,", , ",,,
International Conference on Principles and Practice of Constraint Programming,CP,cp,A,", , ",,,
International Conference on Integration of Artificial Intelligence and Operations Research Techniques in Constraint Programming for Combinatorial Optimization Problems,CPAIOR,cpaior,A,", , ",,,
Constraint Programming Day,CPD,N/A,C,", , ",,,
Combinatorial Pattern Matching,CPM,cpm,B,", , ",,,
Cryptography Policy and Algorithms Conference,CryPAC,N/A,C,", , ",,,
Advances in Cryptology,CRYPTO,crypto,A*,", , ",,,
IEEE Computational Systems Bioinformatics Conference,CSB,N/A,A,", , ",,,
Computer Supported Collaborative Learning,CSCL,cscl,A*,", , ",,,
ACM Conference on Computer Supported Cooperative Work,CSCW,cscw,A,", , ",,,
IEEE Computer Security Foundations Workshop,CSFW,N/A,A,", , ",,,
International CSI Computer Conference,CSICC,N/A,C,", , ",,,
Annual Conference on Computer Science Logic,CSL,csl,B,", , ",,,
International Computer Science Symposium in Russia,CSR,csr,L,", , ",,,
Computational Techniques and Applications Conference,CTAC,N/A,C,", , ",,,
IEEE Conference on Computer Vision and Pattern Recognition,CVPR,cvpr,A,", , ",,,
International Conference on Complex Systems,CxS,N/A,C,", , ",,,
Design Automation Conf,DAC,dac,A,", , ",,,
Digital Audio Effects Conference,DAFX,dafx,B,", , ",,,
IFIP International Conference on Distributed Applications and Interoperable Systems,DAIS,dais,B,", , ",,,
International Workshop on Document Analysis Systems,DAS,das,A,", , ",,,
"Symposium on Design, Analysis, and Simulation of Distributed Systems",DASD,N/A,C,", , ",,,
Data Semantics in Web Information Systems,DASWIS,N/A,C,", , ",,,
"Design, Automation and Test in Europe Conference",DATE,date,A,", , ",,,
Data Warehousing and Knowledge Discovery,DaWaK,dawak,B,", , ",,,
International Baltic Conference on Databases and Information Systems,DB&IS,balt,B,", , ",,,
Database Programming Languages,DBPL,dbpl,C,", , ",,,
Data Compression Conference,DCC,dcc,A*,", , ",,,
IEEE International Conference on Distributed Computing in Sensor Systems,DCOSS,dcoss,B,", , ",,,
Distributed Communities on the Web Workshop,Dcw,N/A,C,", , ",,,
International Conference on Database and Expert Systems Applications,DEXA,dexa,A,", , ",,,
Australian Pattern Recognition Society Conference,DICTA,N/A,B,", , ",,,
Joint DICTA & IVCNZ,DICTA/IVCNZ,N/A,C,", , ",,,
Digital Games Research Conference,DIGRA,digra,A,", , ",,,
Designing Interactive Systems,DIS,ACMdis,A,", , ",,,
International Symposium on Distributed Computing (was WDAG),DISC,wdag,A,", , ",,,
Doing IT at Melbourne,DITAM,N/A,L,", , ",,,
Internationale Tagung Wirtschaftsinformatik,DITW,N/A,B,", , ",,,
Joint Australia and New Zealand Biennial Conference on Digital Image and Vision Computing,DIVC,N/A,L,", , ",,,
Developments in Language Theory,DLT,dlt,B,", , ",,,
Design and Management of Data Warehouses,DMDW,N/A,C,", , ",,,
Workshop on Research Issues in Data Mining and Knowledge Discovery,DMKD,N/A,C,", , ",,,
International Conference on Discrete Mathematics and Theoretical Computer Science,DMTCS,N/A,B,", , ",,,
DNA Computing and Molecular Programming,DNA,dna,B,", , ",,,
ACM Symposium on Document Engineering,DocEng,doceng,A,", , ",,,
International Workshop on Data Warehousing and OLAP,DOLAP,dolap,C,", , ",,,
Deductive and Object-Oriented Databases,DOOD,dood,A,", , ",,,
International Conference on Database Systems for Advanced Applications,DASFAA,dasfaa,C,", , ",,,
Annual Meeting of the Decision Sciences Institute,DSI,N/A,C,", , ",,,
Domain - Specific Languages for Software Engineering,DSLSE,N/A,C,", , ",,,
IEEE/IFIP International Conference on Dependable Systems and Networks,DSN,dsn,A*,", , ",,,
International Conference on Network and Service Management (amalgamation of DSOM and related workshops from 2010),CNSM,cnsm,B,", , ",,,
Distributed Simulation Symposium,DSS,N/A,B,", , ",,,
International Conference on Decision Support Through Knowledge Management,DSTKM,N/A,C,", , ",,,
Workshop on Database Technology for Virtual Enterprises,DTVE,N/A,C,", , ",,,
Design for User Experience,DUX,N/A,A,", , ",,,
Information Systems &Technologies /SPIE Conference on Digital Video Compression Algorithms & Techniques,DVAT,N/A,C,", , ",,,
International Workshop on Principles of Diagnosis,DX,N/A,B,", , ",,,
IEEE Dynamic Spectrum Access Networks,DYSPAN,N/A,B,", , ",,,
Engineering Applications of Artifical Intelligence,EAAI,N/A,A,", , ",,,
European Association for Computational Linguistics,EACL,eacl,A,", , ",,,
International Conference on Evaluation and Assessment in Software Engineering,EASE,ease,A,", , ",,,
ACM Conference on Economics and Computation,EC,sigecom,A,", , ",,,
European Conference on Artificial Intelligence,ECAI,ecai,A,", , ",,,
European Conference on Artificial Life,ECAL,N/A,B,", , ",,,
IEEE International Conference and Workshop on the Engineering of Computer Based Systems,ECBS,N/A,B,", , ",,,
European Conference on Computational Biology,ECCB,N/A,B,", , ",,,
European Conference on Computer Vision,ECCV,eccv,A,", , ",,,
International Conference on Theory and Practice of Digital Libraries (was ECDL until 2010),TPDL,ercimdl,A,", , ",,,
European Conference on Digital Government (was European Conference on e-Government ECEG),ECDG,N/A,B,", , ",,,
European Conference on Information Management and Evaluation,ECIME,N/A,B,", , ",,,
European Conference on Information Retrieval,ECIR,ecir,B,", , ",,,
European Conference on Information Systems,ECIS,ecis,A,", , ",,,
European Conference on Machine Learning (Joined with PKDD from 2008),ECML,N/A,A,", , ",,,
European Conference on Object-Oriented Programming,ECOOP,ecoop,A,", , ",,,
Euromicro Conference on Real-Time Systems,ECRTS,ecrts,A,", , ",,,
European Conference on Computer Supported Cooperative Work,ECSCW,ecscw,A,", , ",,,
International Conference on Electronic Commerce and Web Technology,ECWeb,N/A,A,", , ",,,
Extending Database Technology,EDBT,edbt,A,", , ",,,
"World Conference on Educational Multimedia, Hypermedia and Telecommunications",ED-MEDIA,N/A,B,", , ",,,
"IEEE International Conference on Enterprise Computing, E-Commerce and E-Services",EEE,N/A,B,", , ",,,
Engineering Federated Information (Database) Systems,EFIS/EFDBS,N/A,C,", , ",,,
Joint Meeting of the European Frequency and Time Forum and the Institute of Electrical and Electronics Engineers In,EFTF/IFCS,N/A,C,", , ",,,
European Grid Conference,EGC,N/A,B,", , ",,,
European Institute for Computer Anti-Virus Research EICAR Conference,EICAR,N/A,C,", , ",,,
International Conference on Knowledge Engineering and Knowledge Management,EKAW,ekaw,A,", , ",,,
European Conference on Knowledge Management,EKM,N/A,C,", , ",,,
The Annual International Conference of the IEEE Engineering in Medicine and Biology Society,EMBC,N/A,C,", , ",,,
"European, Mediterranean and Middle Eastern Conference on Information Systems",EMCIS,N/A,C,", , ",,,
Exploring Modelling Methods in Systems Analysis and Design,EMMSAD,emmsad,A,", , ",,,
Embedded Sensor Networks Workshop,Emnets,N/A,B,", , ",,,
Empirical Methods in Natural Language Processing,EMNLP,emnlp,A,", , ",,,
International Conference on Embedded Software,EMSOFT,emsoft,A,", , ",,,
Annual Conference on Evolutionary Programming,EP,N/A,C,", , ",,,
Portuguese Conference on Artificial Intelligence,EPIA,epia,B,", , ",,,
International Conference on Conceptual Modelling,ER,er,B,", , ",,,
ERCIM Annual Workshop on Constraint Solving and Constraint Logic Programming,ERCIM/CSCLP,N/A,B,", , ",,,
European Symposium on Algorithms,ESA,esa,A,", , ",,,
"Symposium On Combinatorics, Algorithms, Probabilistic and Experimental Methodologies",ESCAPE,N/A,C,", , ",,,
IEEE International Conference on e-Science and Grid Computing,e-Science,eScience,A,", , ",,,
International Symposium on Empirical Software Engineering and Measurement,ESEM,esem,A,", , ",,,
International Conference on Modelling and Simulation,ECMS,ecms,B,", , ",,,
European Symposium on Programming,ESOP,esop,A,", , ",,,
European Symposium On Research In Computer Security,ESORICS,esorics,A,", , ",,,
International Joint Conference on Qualitative and Quantitative Practical Reasoning,ESQARU,N/A,A,", , ",,,
European Simulation Symposium,ESS,N/A,B,", , ",,,
Extended Semantic Web Conference (was European Semantic Web Conference),ESWC,esws,A,", , ",,,
ETHICOMP Conference,ETHICOMP,N/A,C,", , ",,,
European Congress on Intelligent Techniques and Soft Computing,EUFIT,N/A,C,", , ",,,
European Workshop on Advanced Mobile Robots,EuroBot,N/A,C,", , ",,,
European Conference on Computational Learning Theory (Now in COLT),EuroCOLT,N/A,A,", , ",,,
International Conference on the Theory and Application of Cryptographic Techniques,EuroCrypt,eurocrypt,A*,", , ",,,
European Conference on Genetic Programming,EUROGP,eurogp,B,", , ",,,
European Graphics Conference,EUROGRAPH,N/A,A,", , ",,,
International European Conference on Parallel and Distributed Computing (was International Conference on Parallel Processing),EuroPar,europar,A,", , ",,,
European MPI Users' Group Conference,EuroMPI,pvm,A,", , ",,,
Interspeech (combined EuroSpeech and ICSLP in 2000),Interspeech,interspeech,A,", , ",,,
European SPI,EuroSPI,eurospi,A,", , ",,,
Eurosys Conference,EuroSys,eurosys,A,", , ",,,
European Signal Processing Conference,EUSIPCO,eusipco,B,", , ",,,
European Workshop on Learning Robots,EWLR,N/A,B,", , ",,,
International Conference on Embedded Wireless Systems and Networks (wasEuropean Conference on Wireless Sensor Networks),EWSN,ewsn,A,", , ",,,
Fundamental Approaches to Software Engineering,FASE,fase,B,", , ",,,
A Satellite workshop on Formal Approaches to Testing of Software,FATES,N/A,C,", , ",,,
IEEE Symposium on Field Programmable Custom Computing Machines,FCCM,fccm,A,", , ",,,
French Conference on Knowledge Acquisition and Machine Learning,FCKAML,N/A,B,", , ",,,
International Symposium on Fundamentals of Computation Theory,FCT,fct,B,", , ",,,
International Conference on Formal Engineering Methods,ICFEM,icfem,B,", , ",,,
Far East Workshop on Future DB Systems,FEWFDB,N/A,B,", , ",,,
Frontiers in Education,FIE,fie,B,", , ",,,
FIRA Robot World Congress,FIRA,N/A,C,", , ",,,
Florida Artificial Intelligence Research Society Conference,FlAIRS,N/A,L,", , ",,,
International Symposium on Functional and Logic Programming,FLOPS,flops,A,", , ",,,
International Symposium on Formal Methods (was Formal Methods Europe FME),FM,fm,A,", , ",,,
Int. Workshop on Formal Methods for Industrial Critical Systems,FMICS,fmics,C,", , ",,,
International Conference on Formal Methods for Open Object-Based Distributed Systems,FMOOD,N/A,C,", , ",,,
Formal Methods Pacific,FMP,N/A,C,", , ",,,
Formal Methods in Software Engineering and Defence Systems Workshop,FMSEDS,N/A,C,", , ",,,
IEEE Symposium on Foundations of Computer Science,FOCS,focs,A*,", , ",,,
International Conference on Foundation on Data Organization,FODO,N/A,A,", , ",,,
Foundations of Genetic Algorithms,FOGA,foga,A*,", , ",,,
International Workshop on Foundations of Object-Oriented Languages,FOOL,N/A,C,", , ",,,
"IFIP Joint International Conference on Formal Description Techniques and Protocol Specification, Testing, And Verification",FORTE,N/A,A,", , ",,,
Foundations of Software Science and Computational Structures,FOSSACS,fossacs,B,", , ",,,
Formal Power Series and Algebraic Combinatorics,FPSAC,N/A,A,", , ",,,
Flexible Query-Answering Systems,FQAS,fqas,C,", , ",,,
"ACM International Conference on the Foundations of Software Engineering (was ESEC/FSE, changed 2024; duplicate previously listed as ESEC, removed from DB)",FSE,sigsoft,A,", , ",,,
International Conference on Field and Service Robotics,FSR,fsr,A,", , ",,,
Foundations of Software Technology and Theoretical Computer Science,FST&TCS,fsttcs,A,", , ",,,
Workshop on Formal Techniques for Java-like Programs,FTfJP,N/A,C,", , ",,,
International Workshops on First-Order Theorem Proving,FTP,N/A,B,", , ",,,
Formal Techniques in Real-Time and Fault Tolerant Systems,FTRTFT,N/A,B,", , ",,,
Conference on Fun with Algorithms,FUN,fun,B,", , ",,,
International Conference on Information Fusion,FUSION,fusion,C,", , ",,,
IEEE International Conference on Fuzzy Systems,FUZZ-IEEE,fuzzIEEE,A,", , ",,,
Global Chinese Conference on Computers in Education,GCCCE,N/A,L,", , ",,,
Graph Drawing,GD,gd,A,", , ",,,
Genetic and Evolutionary Computations,GECCO,gecco,B,", , ",,,
International Conference on GeoComputation,GeoComp,N/A,C,", , ",,,
IEEE Global Telecommunications Conference,GLOBECOM,globecom,B,", , ",,,
Geometry Modeling and Processing,GMP,N/A,B,", , ",,,
International Conference on Generative Programming and Component Engineering,GPCE,gpce,B,", , ",,,
IEEE/ACM International Conference on Grid Computing,GRID,N/A,A,", , ",,,
ACM Special Interest Group on Supporting Group Work (was SIGGRoup),Group,group,A,", , ",,,
IEEE International Symposium on High Assurance Systems Engineering,HASE,hase,B,", , ",,,
Haskell Workshop,HASKELL,haskell,C,", , ",,,
British Computer Society Conference on Human-Computer Interaction,HCI,N/A,C,", , ",,,
IEEE international conference on ehealth networking applications and services (was International Workshop on Enterprise Networking and Computing in Health Care Industry; changed 2006),HealthCom,healthcom,C,", , ",,,
Health Informatics Conference,HIC,N/A,C,", , ",,,
Hawaii International Conference on System Sciences,HICSS,hicss,B,", , ",,,
International Conference on High Performance Computing,HiPC,hipc,A,", , ",,,
International workshop on High-Level Parallel Programming and Applications,HLPP,N/A,C,", , ",,,
Human Language Technologies,HLT,N/A,B,", , ",,,
Symposium on High Performance Chips,HOTCHIPS (HCS),hotchips,A,", , ",,,
ACM Workshop on Hot Topics in Networks,HOTNETS,hotnets,A,", , ",,,
USENIX Workshop on Hot Topics in Operating Systems,HotOS,hotos,A,", , ",,,
International Symposium on High Performance Computer Architecture,HPCA,hpca,A*,", , ",,,
International Conference on High Performance Computing and Networking,HPCN,N/A,B,", , ",,,
ACM International Symposium on High Performance Distributed Computing,HPDC,hpdc,A,", , ",,,
IEEE Workshop on High Performance Switching and Routing,HPSR,hpsr,B,", , ",,,
ACM Conference on Hypertext and Social Media,Hypertext,ht,A,", , ",,,
ACM-SIGRAPH Interactive 3D Graphics and Games,I3DG,si3d,A*,", , ",,,
Innovative Applications in AI,IAAI,N/A,B,", , ",,,
IADIS International Conference Applied Computing,IADIS AC,N/A,C,", , ",,,
International Workshop on Image Analysis and Information Fusion,IAIF,N/A,C,", , ",,,
Annual Conference of the International Academy for Information Management,IAIM,N/A,C,", , ",,,
IEEE Industry Applications Society Annual Conference,IAS,iasam,C,", , ",,,
"International Conference on Intelligent Agents, Web Technologies, and Internet Commerce",IAWTIC,N/A,C,", , ",,,
International Business Information Management,IBIMA,N/A,C,", , ",,,
International Conference on Internet Computing,IC,N/A,C,", , ",,,
International Conference on Computer Communication and Networks,ICCCN,icccn,A,", , ",,,
IFAC Conference on Automation,ICA,N/A,C,", , ",,,
International Conference on Algorithms and Architectures for Parallel Processing,ICA3PP,ica3pp,B,", , ",,,
International Conference of Asian Digital Libraries,ICADL,N/A,A,", , ",,,
International Conference on Artificial Intelligence,IC-AI,N/A,C,", , ",,,
International Conference on Artificial Intelligence and Law,ICAIL,icail,B,", , ",,,
International Colloquium on Automata Languages and Programming,ICALP,icalp,A,", , ",,,
IEEE International Conference on Advanced Learning Technologies,ICALT,icalt,A,", , ",,,
International Conference on Artificial Neural Networks,ICANN,icann,B,", , ",,,
International Conference on Artificial Neural Networks and Genetic Algorithms,ICANNGA,N/A,C,", , ",,,
International Conference on Advances in Pattern Recognition and Digital Techniques,ICAPRDT,N/A,C,", , ",,,
International Conference on Automated Planning and Scheduling,ICAPS,icaps,A*,", , ",,,
"International Conference on Control, Automation, Robotics and Vision",ICARCV,icarcv,A,", , ",,,
"IEEE International Conference on Acoustics, Speech and Signal Processing",ICASSP,icassp,B,", , ",,,
International Conference on the Application and Theory of Petri Nets and Concurrency,Petri Nets,apn,B,", , ",,,
IEEE International Conference on Communications,ICC,icc,A,", , ",,,
IEEE/ACM International Conference on Computer-Aided Design,ICCAD,iccad,A,", , ",,,
IEEE International Conference on COTS-Based Software Systems,ICCBSS,N/A,B,", , ",,,
International Conference on Chinese Computing,ICCC,N/A,L,", , ",,,
International Conference on Computers in Education,ICCE,N/A,B,", , ",,,
International Conference on Computing and Information,ICCI,N/A,B,", , ",,,
International Conference on Computational Intelligence and Multimedia,ICCIMA,N/A,C,", , ",,,
IEEE International Conference on Computer Languages,ICCL,iccl,A,", , ",,,
International Conference on Computational Science,ICCS,iccS,A,", , ",,,
International Conference on Communication Systems and Applications,ICCSA,N/A,C,", , ",,,
IEEE International Conference on Computer Vision,ICCV,iccv,A*,", , ",,,
IEEE International Conference on Document Analysis and Recognition,ICDAR,icdar,A,", , ",,,
International Conference on Distributed Computing and Networking,ICDCN,icdcn,B,", , ",,,
International Conference on Distributed Computing Systems,ICDCS,icdcs,A,", , ",,,
International Conference on Data Engineering,ICDE,icde,A*,", , ",,,
IEEE International Conference on Data Mining,ICDM,icdm,A*,", , ",,,
International Conference on Database Theory,ICDT,icdt,A,", , ",,,
International Conference on e-Business,ICEB,N/A,C,", , ",,,
IEEE International Conference on e-Business Engineering,ICEBE,N/A,B,", , ",,,
IEEE International Conference on Engineering of Complex Computer Systems,ICECCS,iceccs,A,", , ",,,
International Conference on Electronic Commerce,ICEC,N/A,C,", , ",,,
International Conference on Engineering Education,ICEE,N/A,C,", , ",,,
International Conference on Enterprise Integration and Modelling Technology,ICEIMT,N/A,B,", , ",,,
International Conference on Enterprise Information Systems,ICEIS,N/A,B,", , ",,,
International Computing Education Research Workshop,ICER,icer,A,", , ",,,
International Conference on Functional Programming,ICFP,icfp,A*,", , ",,,
International Conference on Genetic Algorithms,ICGA,N/A,B,", , ",,,
International Conference on Graph Transformations,ICGT,gg,B,", , ",,,
International Conference on Image Analysis and Processing,ICIAP,iciap,A,", , ",,,
International Conference on Intelligent Systems,ICIL,N/A,C,", , ",,,
IEEE International Conference on Image Processing,ICIP,icip,A,", , ",,,
International Conference on Information Systems,ICIS,icis,A*,", , ",,,
International Conference on Information Technology and Applications,ICITA,N/A,C,", , ",,,
International Conference on Logic Programming,ICLP,iclp,A,", , ",,,
International Conference on Multi Agent Systems,ICMAS,N/A,A,", , ",,,
IEEE International Conference on Multimedia and Expo,ICME,icmcs,B,", , ",,,
International Conference on Machine Learning,ICML,icml,A*,", , ",,,
"IASTED International Conference on Modelling, Simulation and Optimisation",ICMSO,N/A,C,", , ",,,
IEEE International Conference on Neural Networks,ICNN,N/A,A,", , ",,,
International Conference on Network Protocols,ICNP,icnp,A,", , ",,,
IEEE International Conference on Networks,ICON,N/A,B,", , ",,,
International Conference on Neural Information Processing,ICONIP,iconip,A,", , ",,,
International Conference on Optimization: Techniques And Applications,ICOTA,N/A,C,", , ",,,
International Conference on Parallel and Distributed Systems,ICPADS,icpads,B,", , ",,,
International Conference on Parallel Processing,ICPP,icpp,A,", , ",,,
International Conference on Pattern Recognition,ICPR,icpr,A,", , ",,,
IEEE International Conference on Robotics and Automation,ICRA,icra,B,", , ",,,
ACM International Conference on Supercomputing,ICS,ics,A,", , ",,,
International Computer Science Conference,ICSC,N/A,B,", , ",,,
International Computer Symposium Conference,ICSC2,N/A,A,", , ",,,
International Conference on Software Engineering,ICSE,icse,A*,", , ",,,
International Conference on Software Engineering Advances,ICSEA,N/A,B,", , ",,,
"IEEE International Conference on Software Maintenance and Evolution (prior to 2014 was ICSM, IEEE International Conference on Software Maintenance)",ICSME,icsm,A,", , ",,,
International Conference on Service Oriented Computing,ICSOC,icsoc,A,", , ",,,
International Conference on Software and System Processes (was ICSP prior to 2011),ICSSP,ispw,A,", , ",,,
International Conference on Security in Pervasive Computing,ICSPC,N/A,A,", , ",,,
International Conference on Software Reuse,ICSR,icsr,A,", , ",,,
"International Conference on Systems Research, Informatics and Cybernetics",ICSRIC,N/A,C,", , ",,,
International Conference Software and Systems Engineering and their Applications,ICSSEA,N/A,C,", , ",,,
International Colloquium on Theoretical Aspects of Computing,ICTAC,ictac,B,", , ",,,
International Conference on Tools with Artificial Intelligence,ICTAI,ictai,B,", , ",,,
Italian Conference on Theoretical Computer Science,ICTCS,N/A,L,", , ",,,
International Conference on Temporal Logic,ICTL,N/A,A,", , ",,,
International Conference on Virtual Storytelling (merged into ICIDS in 2008),ICVS,N/A,C,", , ",,,
IEEE International Conference on Web Services,ICWS,icws,B,", , ",,,
Intelligent Data Analysis,IDA,ida,A,", , ",,,
"IEEE Conference on Information, Decision and Control",IDC,N/A,C,", , ",,,
International Database Conference (HK CS),IDC(W),N/A,L,", , ",,,
International Conference on Intelligent Data Engineering and Automated Learning,IDEAL,ideal,C,", , ",,,
International Database Engineering and Applications Symposium,IDEAS,ideas,B,", , ",,,
Integrated Data Environments Australia Workshop,IDEAW,N/A,L,", , ",,,
IDF Congress,IDFC,N/A,C,", , ",,,
Interactive Entertainment,IE,N/A,B,", , ",,,
IEEE International Conference on Radio Frequency Identification,IEEE RFID,N/A,B,", , ",,,
IEEE Congress on Evolutionary Computation,CEC,cec,A,", , ",,,
Intelligent Vehicles Conference,IEEE-IV,ivs,B,", , ",,,
IEEE International Conference on Multimedia Computing and Systems,ICMCS,N/A,A,", , ",,,
IEEE Transactions on Knowledge and Data Engineering,IEEETKDE,N/A,A,", , ",,,
Intenational Environmental Modelling and Software Society,iEMSs,N/A,C,", , ",,,
International Federation of Automatic Control World Congress,IFAC,N/A,C,", , ",,,
IFIP WG 11.3 Working Conference on Data and Applications Security (also known as DBSEC),DBSEC,dbsec,A,", , ",,,
Integrated Formal Methods,IFM,ifm,B,", , ",,,
IFSA World Congress,IFSA,ifsa,B,", , ",,,
IEEE International Geoscience and Remote Sensing Symposium,IGARSS,igarss,C,", , ",,,
International ICSC Congress on Intelligent Systems and Applications,IICISA,N/A,C,", , ",,,
International Conference on Innovations for Community Services (was Innovative Internet Computer Systems IICS until 2014),I4CS,iics,C,", , ",,,
Information Integration and Web-based Applications and Services,IIWAS,iiwas,C,", , ",,,
International Joint Conference on Artificial Intelligence,IJCAI,ijcai,A*,", , ",,,
International Joint Conference on Automated Reasoning,IJCAR,ijcar,A*,", , ",,,
International Joint Conference on Natural Language Processing,IJCNLP,ijcnlp,A,", , ",,,
International Joint Conference on Computational Linguistics,IJCNLP2,N/A,B,", , ",,,
IEEE International Joint Conference on Neural Networks,IJCNN,ijcnn,A,", , ",,,
Inductive Logic Programming,ILP,ilp,B,", , ",,,
International Logic Programming Symposium,ILPS,N/A,A,", , ",,,
IFIP/IEEE International Symposium on Integrated Management (even years sharing with NOMS),IM,im,A,", , ",,,
Internet Measurement Conference,IMC,imc,A,", , ",,,
"IASTED International Conference on Internet, Multimedia Systems and Applications",IMSA,N/A,C,", , ",,,
IEEE Intell Network Workshop,IN,N/A,B,", , ",,,
International Conference on Applications of Prolog (no information after 2013),INAP,N/A,C,", , ",,,
IEEE International Symposium on Intelligence in Neural & Biological Systems,INBS,N/A,B,", , ",,,
International Conference on Cryptology in India,INDOCRYPT,indocrypt,L,", , ",,,
Internet Society Conference,INET,N/A,B,", , ",,,
IEEE International Conference on Computer Communications,INFOCOM,infocom,A*,", , ",,,
Informing Science and Information Technology Education,InSITE,N/A,B,", , ",,,
IFIP TC13 Conference on Human-Computer Interaction,Interact,interact,A,", , ",,,
IEEE International Performance Computing and Communications Conference,IPCCC,ipccc,B,", , ",,,
Conference on Integer Programming and Combinatorial Optimization,IPCO,ipco,A,", , ",,,
IEEE International Parallel and Distributed Processing Symposium (was IPPS and SPDP),IPDPS,ipps,A,", , ",,,
International Conference on Information Processing and Management of Uncertainty,IPMU,ipmu,C,", , ",,,
IEEE International Conference on Intelligent Processing Systems,IPS,N/A,C,", , ",,,
Information Processing in Sensor Networks,IPSN,ipsn,A*,", , ",,,
International Python Conference,IPythC,N/A,C,", , ",,,
Information Systems Research Seminar in Scandinavia,IRIS,N/A,B,", , ",,,
Information Resources Management Association International Conference,IRMA,N/A,B,", , ",,,
IEEE/RSJ International Conference on Intelligent Robots and Systems,IROS,iros,B,", , ",,,
International Symposium on Algorithms and Computation,ISAAC,isaac,A,", , ",,,
"International Symposium on Audio, Video, Image Processing and Intelligent Applications",ISAVIIA,N/A,C,", , ",,,
IASTED International Conference on Intelligent Systems and Control,ISC,N/A,C,", , ",,,
ACM International Symposium on Computer Architecture,ISCA,isca,A*,", , ",,,
IEEE Symposium on Computers and Communications,ISCC,iscc,B,", , ",,,
International Symposium on Computer and Information Sciences,ISCIS,iscis,B,", , ",,,
International Conference on Information Systems Development,ISD,N/A,A,", , ",,,
Conference of the International Society for Decision Support Systems,ISDSS,N/A,C,", , ",,,
Integration of Software Engineering and Agent Technology,ISEAT,N/A,B,", , ",,,
Information Systems Education Conference,ISECON,N/A,C,", , ",,,
International Symposium on Empirical Software Engineering,ISESE,N/A,A,", , ",,,
International Symposium on Future Software Technology,ISFST,N/A,C,", , ",,,
IEEE International Symposium on Intelligent Control,ISIC,N/A,B,", , ",,,
"International Symposium on Intelligent Multimedia, Video and Speech Processing",ISIMP,N/A,C,", , ",,,
International Symposium on Information Theory and Its Applications,ISITA,isita,C,", , ",,,
IEEE/ACM International Symposium on Mixed and Augmented Reality,ISMAR,ismar,A*,", , ",,,
Intelligent Systems in Molecular Biology,ISMB,ismb,A,", , ",,,
International Symposium on Memory Management,ISMM,iwmm,B,", , ",,,
IEEE International Symposium on Real-Time Distributed Computing,ISORC,isorc,C,", , ",,,
"International Symposium on Parallel Architectures, Algorithms and Networks",I-SPAN,ispan,C,", , ",,,
International Symposium on Robotics,ISR,isr,A,", , ",,,
International Symposium on Symbolic and Algebraic Computation,ISSAC,issac,A*,", , ",,,
IEEE International Solid-State Circuits Conference,ISSCC,N/A,A,", , ",,,
International Symposium on Spatial Data Infrastructures,ISSDI,N/A,C,", , ",,,
International Symposium on Spatial Data Quality,ISSDQ,N/A,C,", , ",,,
International Symposium on Robotics Research,ISRR,isrr,A,", , ",,,
International Symposium on Software Reliability Engineering,ISSRE,issre,A,", , ",,,
"International Conference on Hardware/Software Codesign and System Synthesis (previously ISSN, changed in 2003)",CODES+ISSS,codesisss,C,", , ",,,
International Symposium on Software Testing and Analysis,ISSTA,issta,A,", , ",,,
International Conference on Information Systems Technology and its Application,ISTA,N/A,A,", , ",,,
Israel Symposium on Theory of Computing and Systems,ISTCS,N/A,A,", , ",,,
IEEE International Symposium on Wearable Computers,ISWC,iswc,A*,", , ",,,
IEEE International Test Conference,ITC,itc,B,", , ",,,
International Conference on IT Based Higher Education and Training,ITHET,N/A,C,", , ",,,
Annual Conference on Innovation and Technology in Computer Science Education,ITiCSE,iticse,A,", , ",,,
International Conference on Information Technology in Regional Areas,ITiRA,N/A,C,", , ",,,
Symposium on Information Technology and Information Systems,ITIS,N/A,C,", , ",,,
International Conference on Intelligent Tutoring Systems,ITS,its,A,", , ",,,
Information Theory Workshop,ITW,itw,C,", , ",,,
International Conference on Intelligent User Interfaces,IUI,iui,A,", , ",,,
Image and Vision Computing Conference,IVCNZ,ivcnz,A,", , ",,,
International Work-Conference on Artificial and Natural Neural Networks,IWANN,iwann,B,", , ",,,
International Web Conference,IWC,N/A,C,", , ",,,
International Workshop on Computer-Aided Software Eng,IWCASE,N/A,B,", , ",,,
IEEE International Workshop on Cluster Computing and the Grid,IWCC,N/A,C,", , ",,,
ACM International Wireless Communications and Mobile Computing Conference,IWCMC,iwcmc,B,", , ",,,
International Workshop on Distributed Object Management,IWDOM,N/A,C,", , ",,,
Int. Workshop on Multi-Media Data Base Management Systems,IW-MMDBMS,N/A,C,", , ",,,
International Symposium on Parameterized and Exact Computation (was IWPEC pre 2004),IPEC,iwpec,B,", , ",,,
IEEE International Workshop on Quality of Service,IWQoS,iwqos,A*,", , ",,,
ACM Conference on Digital Libraries,JCDL,jcdl,A*,", , ",,,
Joint Conference on Information Sciences,JCIS,N/A,C,", , ",,,
Joint European Conference and Exhibition on Geographical Information Systems,JECGI,N/A,C,", , ",,,
"Logics in Artificial Intelligence, European Conference",JELIA,jelia,A,", , ",,,
International French Speaking Conference on Logic and Constraint Programming,JFPLC,N/A,C,", , ",,,
Workshop On Java For High-Performance Computing,JHPC,N/A,C,", , ",,,
Joint Modular Languages Conference,JMLC,N/A,B,", , ",,,
International Conference on Legal Knowledge and Information Systems,JURIX,jurix,C,", , ",,,
"Knowledge Acquisition, Modelling and Management Workshop (No longer Exists)",KAW,N/A,C,", , ",,,
Knowledge capture,K-CAP,kcap,A,", , ",,,
Knowledge Discovery and Data Mining in Biological Databases Meeting,KDDMBD,N/A,C,", , ",,,
Knowledge and Data Engineering Exchange Workshop,KDEX,N/A,C,", , ",,,
International Conference on Knowledge-Based and Intelligent Information and Engineering Systems,KES,kes,B,", , ",,,
German Conference on Artificial Intelligence,KI,N/A,B,", , ",,,
International Conference on Computing Education Research (Baltic Sea Conference on Computing Education Research prior to 2008),Koli Calling,N/A,B,", , ",,,
International Conference on the Principles of Knowledge Representation and Reasoning,KR,kr,A*,", , ",,,
Knowledge Representation Meets Databases,KRDB,N/A,C,", , ",,,
Workshop on Logic and Learning,L&L,N/A,C,", , ",,,
IEEE LAN/MAN Workshop,LANMAN,lanman,C,", , ",,,
NASA LaRC Formal Methods Workshop,LARC,N/A,C,", , ",,,
International Symposium on Latin American Theoretical Informatics,LATIN,latin,B,", , ",,,
IASTED International conference Law and Technology,LawTech,N/A,C,", , ",,,
International Workshop on Logic and Complexity in Computer Science,LCCS,N/A,C,", , ",,,
IEEE Conference on Local Computer Networks,LCN,lcn,A,", , ",,,
"ACM SIGPLAN Conference on Languages, Compilers and Tools for Embedded Systems",LCTES,lctrts,A,", , ",,,
"Language Descriptions, Tools and Applications",LDTA,N/A,B,", , ",,,
Logic and Engineering of Natural Language Semantics,LENLS,N/A,B,", , ",,,
Logical Foundations of Computer Science,LFCS,lfcs,B,", , ",,,
Law via the Internet,LI,N/A,C,", , ",,,
IEEE Symposium on Logic in Computer Science,LICS,lics,A*,", , ",,,
International Symposium on Logic-based Program Synthesis and Transformation,LOPSTR,lopstr,B,", , ",,,
Logic Programming and Automated Reasoning,LPAR,lpar,A,", , ",,,
International Workshop on Logic Programming and Multi-Agents,LPMA,N/A,B,", , ",,,
International Conference on Logic Programming and Non-monotonic Reasoning,LPNMR,lpnmr,A,", , ",,,
Language Resources and Evaluation Conference,LREC,lrec,C,", , ",,,
Mechatronics and Machine Vision in Practice,M2VIP,N/A,B,", , ",,,
Australian MADYMO Users Meeting,MADYMO,N/A,L,", , ",,,
Symposium Model Analysis and Simulation of Computer and Telecommunications Systems,MASCOTS,mascots,A,", , ",,,
IEEE International Conference on Mobile Ad-hoc and Sensor Systems,MASS,mass,A,", , ",,,
Symposium on Frontiers of Massively Parallel Processing,MassPar,N/A,A,", , ",,,
German Conference on Multi-Agent system Technologies,MATES,N/A,B,", , ",,,
Australian MATLAB Conference,MATLAB,N/A,L,", , ",,,
"Australian Workshop on Mobile Computing, Databases and Applications",MCDA,N/A,L,", , ",,,
Australian Conference on Mathematics and Computers in Sport,MCSpo,N/A,L,", , ",,,
"Machines, Computations and Universality (was Universal Machines and Computations)",MCU,mcu,B,", , ",,,
Mobility in Databases and Distributed Systems,MDDS,N/A,C,", , ",,,
International Conference on Mobile Data Management,MDM,mdm,B,", , ",,,
"International Workshop on Multimedia Data Storage, Retrieval, Integration and Applications",MDSRIA,N/A,C,", , ",,,
World Congress on Medical and Health Informatics,MEDINFO,medinfo,B,", , ",,,
Methods Effectives en Geometrie Algebrique,MEGA,N/A,B,", , ",,,
Mining for Enhanced Web Search,MEWS,N/A,C,", , ",,,
International Symposium on Mathematical Foundations of Computer Science,MFCS,mfcs,B,", , ",,,
"IASTED International Conference on Modelling, Identification, and Control",MIC,N/A,C,", , ",,,
Malaysia International Conference on Communications,MICC,N/A,Regional,", , ",,,
International Symposium on Microarchitecture,MICRO,micro,A,", , ",,,
ACM/IFIP/USENIX International Middleware Conference,Middleware,middleware,A,", , ",,,
International Conference on Multimedia Retrieval (previously MIR),ICMR,mir,A,", , ",,,
Joint workshop on Multimodal Interaction and Related Machine Learning Algorithms (now ICMI-MLMI),MLMI,N/A,B,", , ",,,
ACM/SPIE Multimedia Computing and Networking,MMCN,N/A,A,", , ",,,
IEEE International Conference on Multimedia in Education,MME,N/A,C,", , ",,,
International Conference on Multimedia Modelling,MMM,mmm,B,", , ",,,
International Workshop on Multimedia Signal Processing,MMSP,mmsp,A,", , ",,,
ACM International Conference on Mobile Computing and Networking,MOBICOM,mobicom,A*,", , ",,,
Workshop on Data Engineering for Wireless and Mobile Access,MobiDE,N/A,C,", , ",,,
ACM Symposium on Mobile Ad Hoc Networking and Computing,MOBIHOC,mobihoc,A,", , ",,,
International Conference on Human-Computer Interaction with Mobile Devices and Services,MobileHCI,mhci,A,", , ",,,
International Conference on Mobile and Ubiquitous Systems: Networks and Services,Mobiquitous,mobiquitous,A,", , ",,,
"ACM SIGMOBILE International Conference on Mobile Systems, Applications and Services",Mobisys,mobisys,A,", , ",,,
"International Conference on Model Driven Engineering Languages and Systems (Previously UML, changed in 2005)",MODELS,models,A,", , ",,,
International Congress on Modelling and Simulation,MODSIM,N/A,C,", , ",,,
Multiple Objective Decision Support System Conference,MODSS,N/A,C,", , ",,,
Mathematics of Program Construction,MPC,mpc,B,", , ",,,
International Conference on Massively Parallel Computing Systems,MPCS,N/A,B,", , ",,,
Workshop on Multiparadigm Programming with OO Languages,MPOOL,N/A,C,", , ",,,
Massively Parallel Processing Using Optional Interconnections,MPPOI,N/A,B,", , ",,,
IASTED International Conference on Modelling and Simulation,MS,N/A,C,", , ",,,
"ACM/IEEE International Conference on Modelling, Analysis and Simulation of Wireless and Mobile Systems",MSWIM,mswim,A,", , ",,,
International Symposium on the Mathematical Theory of Networks and Systems,MTNS,N/A,C,", , ",,,
North American Association for Computational Linguistics,NAACL,naacl,A,", , ",,,
National Advisory Committee on Computing Qualifications,NACCQ,N/A,L,", , ",,,
North American Fuzzy Information Processing Society Conference,NAFIPS,N/A,C,", , ",,,
NAISO Congress on Autonomous Intelligent Systems,NAISO,N/A,C,", , ",,,
National Conference Communications,NCC,N/A,B,", , ",,,
National Conference on Computer and Information Systems,NCCIS,N/A,C,", , ",,,
National Database Conference (China),NDB,N/A,C,", , ",,,
Usenix Network and Distributed System Security Symposium,NDSS,ndss,A,", , ",,,
Joint Conference on New Methods in Language Processing and Computational Natural Language Learning,NeMLaP,N/A,C,", , ",,,
"Net Object Days (Includings MATES, ENASE etc.)",MATES ENASE,N/A,A,", , ",,,
Network Storage Symposium,NetStore,N/A,A,", , ",,,
IFIP International Conference on Networking,Networking,networking,A,", , ",,,
The Northern Formal Methods Workshops,NFM,N/A,C,", , ",,,
International Symposium on Next Generation Data Base Systems and Applications,NGDB,N/A,B,", , ",,,
Advances in Neural Information Processing Systems (was NIPS),NeurIPS,nips,A*,", , ",,,
Applications of Natural Language to Data Bases,NLDB,nldb,C,", , ",,,
IEEE International Workshop on Neural Networks for Signal Processing,NNSP,N/A,C,", , ",,,
IEEE Network Operations and Management Symposium,NOMS,noms,B,", , ",,,
Norwegian Computer Human Interaction,NORDCHI,N/A,B,", , ",,,
Nordic Workshop on Secure IT Systems,NordSec,N/A,L,", , ",,,
Network and Operating System Support for Digital Audio and Video,NOSSDAV,nossdav,A,", , ",,,
"Annual IASTED International Conference on Networks, Parallel and Distributed Processing and Applications",NPDP,N/A,C,", , ",,,
"International Conference on Neural, Parallel and Scientific Computations",NPSC,N/A,C,", , ",,,
Workshop on Network-Related Data Management,NRDM,N/A,C,", , ",,,
"Symposium on Networked Systems, Design and Implementation",NSDI,nsdi,A,", , ",,,
Organisations and Society in Information Systems Workshop,OASIS,N/A,C,", , ",,,
Open and Distance Learning Association of Australia Bienniel Forum,ODLA,N/A,L,", , ",,,
IFIP International Conference on Open Distributed Processing,ODP,N/A,B,", , ",,,
"Joint OECC, IOCC & ACOFT",OESS/IOCC/ACOFT,N/A,C,", , ",,,
Workshop on Object-Oriented Database Systems,OODBS,N/A,C,", , ",,,
International Conference on Object Oriented Information Systems,OOIS,N/A,C,", , ",,,
ACM Conference on Object Oriented Programming Systems Languages and Applications,OOPSLA,oopsla,A*,", , ",,,
IEEE Conference on Open Architecture and Network Programming,OPENARCH,N/A,A,", , ",,,
International Conference on Principles of Distributed Systems,OPODIS,opodis,B,", , ",,,
Conference on Operational Research Practice in Africa,ORPA,N/A,C,", , ",,,
Usenix Symposium on Operating Systems Design and Implementation,OSDI,osdi,A*,", , ",,,
Optimization: Techniques And Applications,OTA,N/A,C,", , ",,,
Australian Computer Human Interaction Conference,OZCHI,ozchi,B,", , ",,,
PACES & ICIL,P&I,N/A,C,", , ",,,
IEEE International Conference on Peer to Peer Computing,P2P,N/A,A,", , ",,,
Practical Application of Intelligent Agents and Multi-Agent Technology Conference,PAAM,N/A,C,", , ",,,
Post-Graduate ADFA Conference on Computer Science,PACCS,N/A,L,", , ",,,
Pacific Asian Conference on Expert Systems,PACES,N/A,B,", , ",,,
Pacific Asia Conference on Information Systems,PACIS,N/A,B,", , ",,,
"Pacific Asia Conference on Language, Information and Computation",PACLIC,paclic,B,", , ",,,
Conference of the Pacific Association for Computational Linguistics,PACLING,pacling,B,", , ",,,
International Conference on Parallel Architecture and Compilation Techniques,PACT,IEEEpact,A,", , ",,,
Practical Aspects of Declarative Languages,PADL,padl,A,", , ",,,
Symposium on Programs as Data Objects,PADO,N/A,C,", , ",,,
ACM SIGSIM Conference on Principles of Advanced Discrete Simulation (was Parallel and Distributed Simulation),PADS,pads,A,", , ",,,
Pacific-Asia Conference on Knowledge Discovery and Data Mining,PAKDD,pakdd,A,", , ",,,
Passive and Active Measurement Conference,PAM,pam,B,", , ",,,
Practical Aspects of PROLOG/Constraint Technology,PAP/PACT,N/A,C,", , ",,,
Parallel Computing,PARCO,parco,C,", , ",,,
ACM SIGSOFT Workshop on Program Analysis for Software Tools and Engineering,PASTE,N/A,B,", , ",,,
Practice and Theory of Automated Timetabling,PATAT,N/A,B,", , ",,,
Pacific-Asia Workshop on Electronic Commerce,PAWEC,N/A,C,", , ",,,
SPIE Conference on Performance and Control of Network Systems,PCNS,N/A,C,", , ",,,
International Picture Coding Symposium,PCS,pcs,C,", , ",,,
International Parallel Computing Workshop,PCW,N/A,C,", , ",,,
Participatory Design Conference,PDC,pdc,A,", , ",,,
"International Conference on Parallel and Distributed Computing, Applications and Technologies",PDCAT,pdcat,B,", , ",,,
IASTED International Conference on Parallel and Distributed Computing and Networks,PDCN,N/A,C,", , ",,,
IASTED International Conference on Parallel and Distributed Computing and Systems,PDCS,N/A,C,", , ",,,
Parallel and Distributed Information Systems,PDIS,N/A,C,", , ",,,
"Euromicro International Conference on Parallel, Distributed and Network Based Processing",PDP,pdp,C,", , ",,,
International Conference on Parallel and Distributed Processing Techniques and Applications,PDPTA,N/A,C,", , ",,,
Joint AUPEC & EECON,PEC&CON,N/A,C,", , ",,,
ACM SIGPLAN Workshop on Partial Evaluation and Program Manipulation,PEPM,pepm,A,", , ",,,
IEEE International Conference on Pervasive Computing and Communications,PERCOM,percom,A*,", , ",,,
"IFIP International Symposium on Computing Performance, Modelling, Measurement and Evaluation",PERFORMANCE,performance,A,", , ",,,
International Conference on Pervasive Computing (Joined with UbiComp from 2013),PERVASIVE,N/A,A*,", , ",,,
Pacific Conference on Computer Graphics and Applications,PG,pg,A,", , ",,,
International Symposium on Physical Design,PHYSDES,N/A,C,", , ",,,
IEEE International Symposium on Personal and Indoor Mobile Radio Conference,PIMRC,pimrc,B,", , ",,,
Pacific Rim Knowledge Acquisition Workshop,PKAW,pkaw,B,", , ",,,
International Conference on Practice and Theory in Public Key Cryptography,PKC,pkc,B,", , ",,,
European Conference on Machine Learning and Principles and Practice of Knowledge Discovery in Database (PKDD and ECML combined from 2008),ECML PKDD,pkdd,A,", , ",,,
ACM-SIGPLAN Conference on Programming Language Design and Implementation,PLDI,pldi,A*,", , ",,,
Symposium on Programming Language Implementation and Logic Programming,PLILP,N/A,B,", , ",,,
IEEE Pacific-Rim Conference on Multimedia,PMIP,N/A,C,", , ",,,
ACM Symposium on Principles of Distributed Computing,PODC,podc,A*,", , ",,,
ACM SIGMOD-SIGACT-SIGART Conference on Principles of Database Systems,PODS,pods,A*,", , ",,,
ACM-SIGACT Symposium on Principles of Programming Languages,POPL,popl,A*,", , ",,,
Pan Pacific Conference on Information Systems,PPCIS,N/A,C,", , ",,,
International Conference on Principles and Practice of Declarative Programming,PPDP,ppdp,B,", , ",,,
Annual PPIG Workshop,PPIG,ppig,B,", , ",,,
Principles and Practice of Parallel Programming,PPoPP,ppopp,A,", , ",,,
Parallel Problem Solving from Nature,PPSN,ppsn,A,", , ",,,
Pacific Rim International Conference on Artificial Intelligence,PRICAI,pricai,B,", , ",,,
International Conference on Principles of Practice in Multi-Agent Systems (prior to 2009 was Pacific Rim International Workshop on Multi-Agents),PRIMA,prima,B,", , ",,,
Product Focused Software Process Improvement,PROFES,profes,B,", , ",,,
International Workshop on Software Process Simulation and Modelling (now ICSP),PROSim,N/A,B,", , ",,,
IFIP Working Conferences on Virtual Enterprises,PRO-VE,N/A,A,", , ",,,
Pacific Symposium on Biocomputing,PSB,psb,C,", , ",,,
Ershov Conference,PSI,ershov,B,", , ",,,
"International Conference on Probability, Statistics and Operational Research",PSOR,N/A,C,", , ",,,
Performance Tools - International Conference on Model Techniques & Tools for CPE,PT,N/A,A,", , ",,,
Conference on the Quality of Software Architectures,QoSA,N/A,A,", , ",,,
"Software Quality, Reliability, and Security (was International Conference on Quality Software, QSIC, that merged with SERE 2015)",QRS,qrs,A,", , ",,,
"International Conference on Heterogeneous Networking for Quality, Reliability, Security and Robustness (was International Conference on Quality of Service in Heterogeneous Wired/Wireless Networks)",Qshine,qshine,B,", , ",,,
International Conference on Qualitative Research in IT & IT in Qualitative Research,QualIT,N/A,B,", , ",,,
International Conference on Experimental Implementation of Quantum Computation,QuantCom,N/A,C,", , ",,,
"The International Symposium on Research in Attacks, Intrusions and Defenses (was International Symposium on Recent Advances in Intrusion Detection)",RAID,raid,A,", , ",,,
International Workshop on Randomization and Computation,RANDOM,random,A,", , ",,,
IEEE International Requirements Engineering Conference,RE,re,A,", , ",,,
International Conference on Computational Molecular Biology,RECOMB,recomb,A,", , ",,,
International Workshop on Requirements Engineering: Foundation for Software Quality,REFSQ,refsq,B,", , ",,,
"International Conference on CAD/CAM, Robotics and Factories of the Future",RFF,N/A,C,", , ",,,
International Workshop on Research Issues in Data Engineering,RIDE,N/A,B,", , ",,,
IASTED International Conference on Robotics and Manufacturing,RM,N/A,C,", , ",,,
Robot Soccer World Cup,RoboCup,robocup,A,", , ",,,
"International Conference on Robotics, Vision, Signal Processing and Power Applications (was ROVPIA)",RoVISP,N/A,C,", , ",,,
"Annual Convention for Survey, Mapping and Remote Sensing",RS,N/A,C,", , ",,,
Cryptographers Track at RSA Conference,CT-RSA,ctrsa,B,", , ",,,
Robotics: Science and Systems,RSS,rss,A*,", , ",,,
International Conference on Reliable Software Technologies,Ada-Europe,adaEurope,A,", , ",,,
International Conference on Rewriting Techniques and Applications (now merged with FSCD Formal Structures for Computation and Deduction),RTA,N/A,A,", , ",,,
IEEE Real-Time and Embedded Technology and Applications Symposium,RTAS,rtas,A,", , ",,,
International Conference on Embedded and Real Time Computing Systems and Applications,RTCSA,rtcsa,B,", , ",,,
Workshop on Real-Time Databases,RTDB,N/A,C,", , ",,,
Real Time Systems Symposium,RTSS,rtss,A*,", , ",,,
IEEE Symposium on Security and Privacy,SP,sp,A,", , ",,,
ACM Symposium on Applied Computing,SAC,sac,B,", , ",,,
"International Conference on Computer Safety, Reliability and Security",SAFECOMP,safecomp,B,", , ",,,
"IFAC Symposium on Fault Detection, Supervision and Safety of Technical Processes",SAFEProcess,N/A,B,", , ",,,
"Symposium on Stochastic Algorithms, Foundations and Applications",SAGA,N/A,B,", , ",,,
"Symposium on Abstraction, Reformulation and Approximation",SARA,N/A,A,", , ",,,
International Symposium on Automation and Robotics in Construction,ISARC,N/A,C,", , ",,,
Static Analysis Symposium,SAS,sas,A,", , ",,,
International Conference on Theory and Applications of Satisfiability Testing,SAT,sat,A,", , ",,,
Brazilian Symposium on Databases,SBBD,N/A,B,", , ",,,
ACM SIGGRAPH/Eurographics Symposium on Computer Animation,SCA,sca,A,", , ",,,
Scandinavian Conference on Artificial Intelligence,SCAI,N/A,B,", , ",,,
IEEE International Conference on Software Services Engineering (previously IEEE International Conference on Services Computing SCC),IEEE SSE,IEEEscc,A,", , ",,,
International Symposium on Computational Geometry,SoCG,compgeom,A,", , ",,,
International Workshop on Software and Compilers for Embedded Systems,SCOPES,scopes,A,", , ",,,
Smart Card Research and Advanced Application Conference,CARDIS,cardis,B,", , ",,,
Summer Computer Simulation Conference,SCSC,scsc,B,", , ",,,
Australian Workshop on Safety Critical Systems and Software,SCSS,N/A,L,", , ",,,
IEEE Workshop on Speech Coding,SCW,N/A,C,", , ",,,
SIAM International Conference on Data Mining,SDM,sdm,A,", , ",,,
Unix Symposium on Operating Systems Design and Implementation,SDSDI,N/A,A,", , ",,,
IASTED International Conference on Software Engineering,SE,N/A,C,", , ",,,
IASTED International Conference on Software Engineering and Applications,SEA,N/A,C,", , ",,,
Asia-Pacific Conference on Simulated Evolution and Learning,SEAL,seal,B,", , ",,,
"IEEE International Conference on Sensing, Communication and Networking",SECON,secon,B,", , ",,,
International Conference on Information Security and Cryptography,SECRYPT,secrypt,C,", , ",,,
Usenix Security Symposium,USENIX-Security,uss,B,", , ",,,
International Conference on Software Engineering: Education and Practice,SEEP,N/A,B,", , ",,,
International Conference on Software Engineering and Formal Methods,SEFM,sefm,B,", , ",,,
International Conference on Software Engineering and Knowledge Engineering,SEKE,seke,B,", , ",,,
Sensor Networks,Sensor Networks,N/A,C,", , ",,,
ACM Conference on Embedded Networked Sensor Systems,SENSYS,sensys,A*,", , ",,,
International Conference on Sequences and their Applications,SETA,N/A,B,", , ",,,
Scottish Functional Programming Workshop,SFP,N/A,C,", , ",,,
International NZ Conference on Computer-Human Interaction,SIGCHI-NZ,N/A,B,", , ",,,
"ACM Conference on Applications, Technologies, Architectures, and Protocols for Computer Communication",SIGCOMM,sigcomm,A*,", , ",,,
ACM Special Interest Group on Computer Science Education Conference,SIGCSE,sigcse,A,", , ",,,
ACM SIG International Conference on Computer Graphics and Interactive Techniques,SIGGRAPH,siggraph,A*,", , ",,,
ACM International Conference on Research and Development in Information Retrieval,SIGIR,sigir,A*,", , ",,,
ACM International Conference on Knowledge Discovery and Data Mining,KDD,kdd,A*,", , ",,,
Measurement and Modeling of Computer Systems,SIGMETRICS,sigmetrics,A*,", , ",,,
ACM Special Interest Group on Management of Data Conference,SIGMOD,sigmod,A*,", , ",,,
ACM SIGOPS European Workshops,SIGOPS-EW,N/A,B,", , ",,,
Simulation Technology and Training Conference,SimTecT,N/A,C,", , ",,,
IASTED International Conference on Signal and Image Processing,SIP,N/A,C,", , ",,,
Spatial Information Research Centre Colloquium,SIRC,N/A,C,", , ",,,
International Colloquium on Structural Information and Communication Complexity,SIROCCO,sirocco,B,", , ",,,
Spatial Information Science and Technology Conference,SIST,N/A,C,", , ",,,
Society for Information Technology and Teacher Education Conference,SITE,N/A,C,", , ",,,
"IEEE Conference on Systems, Man and Cybernetics",SMC,smc,B,", , ",,,
IEEE International Symposium on Software Metrics,SMS,N/A,A,", , ",,,
ACM/SIAM Symposium on Discrete Algorithms,SODA,soda,A*,", , ",,,
Conference on Software in Telecommunications and Computer Networks,SOFTCOM,softcom,B,", , ",,,
"International Conference on Intelligent Software Methodologies, Tools, and Techniques (was International Conference on Software Methods and Tools)",SoMeT,somet,B,", , ",,,
ACM SIGOPS Symposium on Operating Systems Principles,SOSP,sosp,A*,", , ",,,
Symposium on Parallelism in Algorithms and Architectures,SPAA,spaa,A,", , ",,,
ACM Symposium on Principles of Database Systems,SPDS,N/A,C,", , ",,,
Workshop on Security and Privacy in e-Commerce,SPEC,N/A,B,", , ",,,
Software Process Improvement and Capability Determination,SPICE,N/A,A,", , ",,,
Singapore International Conference on Intelligent Systems,SPICIS,N/A,B,", , ",,,
International Symposium on String Processing and Information Retrieval,SPIRE,spire,B,", , ",,,
Software Quality Conference,SQC,N/A,C,", , ",,,
International Conference on Software Quality Management,SQM,N/A,C,", , ",,,
Symposium on Reliable Distributed Systems,SRDS,srds,A,", , ",,,
Symposium on Requirements Engineering for Information Security,SREIS,N/A,C,", , ",,,
Software Education Conference,SRIG-ET,N/A,C,", , ",,,
IFAC Conference on System Structure and Control,SSSC,N/A,C,", , ",,,
International Conference on Scientific and Statistical Data Base Management,SSDBM,ssdbm,A,", , ",,,
"International Conference on Advances in Infrastructure for Electronic Business, Science, and Education on the Internet",SSGRR,N/A,C,", , ",,,
Structural and Syntactical Pattern Recognition,SSPR,ssspr,A,", , ",,,
ACM Symposium on Software Reusability,SSR,ssr,A,", , ",,,
"Symposium on Stabilization, Safety, and Security of Distributed Systems",SSS,sss,C,", , ",,,
Australasian Speech Science and Technology,SST,N/A,B,", , ",,,
International Symposium on Spatial and Temporal Databases,SSTD,ssd,A,", , ",,,
International Symposium on Theoretical Aspects of Computer Science,STACS,stacs,A,", , ",,,
Software Technology and Engineering Practice Conference,STEP,N/A,B,", , ",,,
International Conference on Systems Thinking in Management,STM,N/A,C,", , ",,,
ACM Symposium on Theory of Computing,STOC,stoc,A*,", , ",,,
Scandinavian Workshop on Algorithm Theory,SWAT,N/A,A,", , ",,,
International Conference on Software Development,SWDC,N/A,B,", , ",,,
International Conference on Theorem Proving with Analytic Tableaux and Related Methods,TABLEAUX,tableaux,A,", , ",,,
Tools and Algorithms for Construction and Analysis of Systems,TACAS,tacas,A,", , ",,,
Theory and Applications of Knowledge MAnagement,TAKMA,N/A,C,", , ",,,
Theoretical Aspects of Rationality and Knowledge,TARK,tark,A,", , ",,,
International Conference on Technology Education,TE,N/A,C,", , ",,,
IEEE Region 10 Conference,Tencon,tencon,C,", , ",,,
Technology for Interactive Digital Storytelling (merged into ICIDS in 2008),TIDSE,N/A,C,", , ",,,
International Symposium on Temporal Representation and Reasoning,TIME,time,A,", , ",,,
Text Retrieval Conference,TREC,N/A,A,", , ",,,
Conference in Uncertainty in Artificial Intelligence,UAI,uai,A*,", , ",,,
ACM International Joint Conference on Pervasive and Ubiquitous Computing (PERVASIVE and UbiComp combined from 2013),UbiComp,huc,A*,", , ",,,
ACM Symposium on User Interface Software and Technology,UIST,uist,A,", , ",,,
UK Academy of Information Systems Conference,UKAIS,N/A,B,", , ",,,
United Kingdom Systems Society,UKSS,N/A,B,", , ",,,
Unconventional Models of Computation,UMC,N/A,B,", , ",,,
Usenix Annual Technical Conference,USENIX,usenix,A,", , ",,,
Unix Symposium on Internet Technologies,USITS,N/A,A,", , ",,,
University of Western Australia Computer Science Research Conference,UWACS,N/A,L,", , ",,,
IEEE International Conference on Visual Communications and Image Processing (was SPIE ... pre 2011),VCIP,vcip,A,", , ",,,
IFIP Working Conference on Visual Database Systems,VDbS,N/A,C,", , ",,,
SPIE Conference on Visual Data Exploration and Analysis,VDEA,N/A,C,", , ",,,
International Conference on Virtual Execution Environments,VEE,vee,B,", , ",,,
"IASTED International Conference on Visualization, Imaging, and Image Processing",VIIP,N/A,C,", , ",,,
Pan-Sydney Area Workshop on Visual Information Processing,VIP,N/A,C,", , ",,,
International Conference on Visual Information Systems,VISUAL,N/A,C,", , ",,,
IEEE Symposium on Visual Languages and Human-Centric Computing (was VL),VL/HCC,vl,A,", , ",,,
International Conference on Very Large Databases,VLDB,vldb,A*,", , ",,,
Visual Languages and Formal Methods,VLFM,N/A,C,", , ",,,
Symposia on VLSI Technology and Circuits,VLSI,N/A,A,", , ",,,
International Conference on VLSI Design,VLSID,vlsid,C,", , ",,,
"Verification, Model Checking and Abstract Interpretation",VMCAI,vmcai,A,", , ",,,
International Conference on Virtual Systems and MultiMedia,VSMM,vsmm,C,", , ",,,
IEEE Vehicular Technology Conference,VTC,vtc,B,", , ",,,
International Workshop on Web and Wireless Geographical Information Systems,W2GIS,w2gis,C,", , ",,,
Workshop on Algorithms in Bioinformatics,WABI,wabi,B,", , ",,,
IEEE Workshop on Applications of Computer Vision,WACV,wacv,A,", , ",,,
Algorithms and Data Structures Symposium (was Workshop on Algorithms and Data Structures),WADS,wads,A,", , ",,,
Workshop on Algorithm Engineering,WAE,N/A,B,", , ",,,
International Conference on Web-Age Information Management,WAIM,waim,C,", , ",,,
International Workshop on Artificial Intelligence and Statistics,WAIS,N/A,B,", , ",,,
International Conference and Workshops on Algorithms and Computation,WALCOM,walcom,C,", , ",,,
Australian Information Warfare and Security Conference,WarSec,N/A,L,", , ",,,
Workshop on Algorithms And Models For The Web Graph,WAW,waw,C,", , ",,,
Western Australian Workshop on Information Systems Research,WAWISR,N/A,L,", , ",,,
World Computer Congress,WCC,N/A,C,", , ",,,
World Conference on Computers in Education,WCCE,N/A,C,", , ",,,
World Congress on Expert Systems,WCES,N/A,B,", , ",,,
IEEE Wireless Communications and Networking Conference,WCNC,wcnc,B,", , ",,,
World Congress on Neural Networks,WCNN,N/A,B,", , ",,,
IEEE Working Conference on Reverse Engineering,WCRE,N/A,B,", , ",,,
World Congress on Systems Simulation,WCSS,N/A,B,", , ",,,
International Workshop on Web Content Caching and Distribution,WCW,N/A,B,", , ",,,
Workshop on Distributed Algorithms (DISC since 1998),WDAG,N/A,B,", , ",,,
Western Decision Sciences Institute Conference,WDSI,N/A,C,", , ",,,
International Workshop on the Web and Databases,WebDB,webdb,C,", , ",,,
International Conference on Web Information Systems and Technologies,WEBIST,webist,C,", , ",,,
World Conference on the WWW and Internet,WebNet,N/A,C,", , ",,,
International Workshop on Entertainment Computing,WEC,N/A,C,", , ",,,
International Workshop on Functional and Constraint Logic Programming,WFLP,wflp,C,", , ",,,
International Workshop on Graph-Theoretic Concepts in Computer Science,WG,wg,B,", , ",,,
Australasian Women in Computing Workshop,WIC,N/A,L,", , ",,,
International Computer Symposium Workshop,WICS,N/A,C,", , ",,,
International Conference on Software Architecture (was previously WICSA),ICSA,icsa,A,", , ",,,
ACM Workshop on Web Information and Data Management,WIDM,N/A,C,", , ",,,
"International Symposium on Modelling and Optimization in Mobile, Ad Hoc, and Wireless Networks",WiOpt,wiopt,B,", , ",,,
International Conference on Web Information Systems Engineering,WISE,wise,A,", , ",,,
"World Multi-Conference on Systemics, Cybernetics and Informatics",WMSCI,N/A,C,", , ",,,
"Workshop on Logic, Language, Information and Computation",WoLLIC,wollic,B,", , ",,,
IEEE International Conference on Parallel Processing Workshops,WoPP,N/A,C,", , ",,,
IEEE International Workshop on Object-Oriented Real-Time Dependable Systems,WORDS,N/A,B,", , ",,,
"World Congress in Computer Science, Computer Engineering, and Applied Computing",WORLDCOMP,N/A,C,", , ",,,
"IEEE International Symposium on a World of Wireless, Mobile and Multimedia Networks",WoWMoM,wowmom,A,", , ",,,
Winter Simulation Conference,WSC,wsc,B,", , ",,,
Workshop on Theoretical and Algorithmic Aspects of Sensor and Ad-hoc Networks,WTASA,N/A,C,", , ",,,
International Conference on Worldwide Computing and Its Applications,WWCA,N/A,C,", , ",,,
International World Wide Web Conference,WWW,www,A*,", , ",,,
"International Conference Abstract State Machines, Alloy, B, TLA, VDM, and Z (Previously International Conference of B and Z Users, ZB, changed in 2008)",ABZ,zum,C,", , ",,,
"Informatics in Education (journal, congress, symposium, etc all under this name - can't rank)",,N/A,C,", , ",,,
IEEE International Symposium on Network Computing and Applications,NCA,nca,C,", , ",,,
IEEE International Symposium on Artificial Life,IEEE Alife,N/A,A,"Artificial Intelligence and Image Processing†, , ",Artificial Intelligence and Image Processing†,,
"International Conference for High Performance Computing, Networking, Storage and Analysis (was Supercomputing Conference)",SC,sc,A,"Distributed Computing†, , ",Distributed Computing†,,
IEEE Information Visualization Conference,IEEE InfoVis,infovis,A*,", , ",,,
